﻿<?xml version="1.0" encoding="utf-8"?>
<root>
    <JOURNAL>
        <ISSN_NO />
        <Title>Optimization techniques for resource provisioning and load balancing in cloud
            environment: a review</Title>
        <TYPE>JOURNAL</TYPE>
        <journal_name>International Journal of Information Engineering and Electronic Business</journal_name>
        <AUTHOR_1>Amanpreet Kaur</AUTHOR_1>
        <AUTHOR_2>Dr. Bikrampal Kaur</AUTHOR_2>
        <AUTHOR_3>Dr.Dheerendra Singh</AUTHOR_3>
        <AUTHOR_4 />
        <AUTHOR_5 />
        <impact_factor />
        <year>2017</year>
        <Index>SCI</Index>
    </JOURNAL>
    <JOURNAL>
        <ISSN_NO>0974-6846</ISSN_NO>
        <Title>Fusion in multimodal biometric system: A review</Title>
        <TYPE>JOURNAL</TYPE>
        <journal_name>Indian Journal of Science and Technology</journal_name>
        <AUTHOR_1>G. KAUR</AUTHOR_1>
        <AUTHOR_2>S . BHUSAN</AUTHOR_2>
        <AUTHOR_3>Dr.Dheerendra Singh</AUTHOR_3>
        <AUTHOR_4 />
        <AUTHOR_5 />
        <impact_factor />
        <year>2017</year>
        <Index>SCOPUS</Index>
    </JOURNAL>
    <JOURNAL>
        <ISSN_NO>0976-5697</ISSN_NO>
        <Title>Challenges to Task and Workflow Scheduling in Cloud Environment</Title>
        <TYPE>JOURNAL</TYPE>
        <journal_name>International Journal of Advanced Research in Computer Science</journal_name>
        <AUTHOR_1>Amanpreet Kaur</AUTHOR_1>
        <AUTHOR_2>Dr. Bikrampal Kaur</AUTHOR_2>
        <AUTHOR_3>Dr.Dheerendra Singh</AUTHOR_3>
        <AUTHOR_4 />
        <AUTHOR_5 />
        <impact_factor />
        <year>2017</year>
        <Index>SCOPUS</Index>
    </JOURNAL>
    <JOURNAL>
        <ISSN_NO>2161-4408</ISSN_NO>
        <Title>Detection of motorcyclists without helmet in videos using convolutional neural
            network</Title>
        <TYPE>JOURNAL</TYPE>
        <journal_name>IEEE</journal_name>
        <AUTHOR_1>c. VISHNU</AUTHOR_1>
        <AUTHOR_2>DINESH SINGH</AUTHOR_2>
        <AUTHOR_3>Dr.Dheerendra Singh</AUTHOR_3>
        <AUTHOR_4 />
        <AUTHOR_5 />
        <impact_factor />
        <year>2017</year>
        <Index>SCOPUS</Index>
    </JOURNAL>
    <JOURNAL>
        <ISSN_NO>2548-4165</ISSN_NO>
        <Title>Scheduling and Load Balancing in Cloud Environment</Title>
        <TYPE>JOURNAL</TYPE>
        <journal_name>International Journal of Computer Science &amp; Information Technology
            Research Excellence</journal_name>
        <AUTHOR_1>DK SHARMA</AUTHOR_1>
        <AUTHOR_2>MANISH MAHAJAN</AUTHOR_2>
        <AUTHOR_3>Dr.Dheerendra Singh</AUTHOR_3>
        <AUTHOR_4 />
        <AUTHOR_5 />
        <impact_factor />
        <year>2017</year>
        <Index>SCOPUS</Index>
    </JOURNAL>
    <JOURNAL>
        <ISSN_NO>ISSN(P): 2278-9928; ISSN(E): 2278-9936</ISSN_NO>
        <Title>Step by Step Securing Cloud Environment</Title>
        <TYPE>JOURNAL</TYPE>
        <journal_name>International Journal of General Engineering and Technology (IJGET)</journal_name>
        <AUTHOR_1>RINI MAHAJAN</AUTHOR_1>
        <AUTHOR_2>Dr. Dheerendra Singh</AUTHOR_2>
        <AUTHOR_3>Dr.Dheerendra Singh</AUTHOR_3>
        <AUTHOR_4 />
        <AUTHOR_5 />
        <impact_factor />
        <year>2017</year>
        <Index>SCI</Index>
    </JOURNAL>
    <JOURNAL>
        <ISSN_NO>2347-2693</ISSN_NO>
        <Title>Analysis of Business Rules modeling Approaches using 4-Dimensional Business Rule
            Framework</Title>
        <TYPE>JOURNAL</TYPE>
        <journal_name>International Journal of Computer Sciences and Engineering</journal_name>
        <AUTHOR_1>DK SHARMA</AUTHOR_1>
        <AUTHOR_2>MANISH MAHAJAN</AUTHOR_2>
        <AUTHOR_3>Dr.Dheerendra Singh</AUTHOR_3>
        <AUTHOR_4>Naveen Praksh</AUTHOR_4>
        <AUTHOR_5 />
        <impact_factor />
        <year>2017</year>
        <Index>SPRINGER</Index>
    </JOURNAL>
    <JOURNAL>
        <ISSN_NO>2088-5334</ISSN_NO>
        <Title>Design and Implementation of a Software System for High Level Business Rules</Title>
        <TYPE>JOURNAL</TYPE>
        <journal_name>International Journal on Advanced Science, Engineering and Information
            Technology</journal_name>
        <AUTHOR_1>DK SHARMA</AUTHOR_1>
        <AUTHOR_2>MANISH MAHAJAN</AUTHOR_2>
        <AUTHOR_3>Dr.Dheerendra Singh</AUTHOR_3>
        <AUTHOR_4>Naveen Praksh</AUTHOR_4>
        <AUTHOR_5 />
        <impact_factor />
        <year>2017</year>
        <Index>SPRINGER</Index>
    </JOURNAL>
    <JOURNAL>
        <ISSN_NO>0973-7391</ISSN_NO>
        <Title>Experimental Evaluation of Quality of Service Parameters over VoIP Network</Title>
        <TYPE>JOURNAL</TYPE>
        <journal_name>International Journal of Computer Science &amp; Communication</journal_name>
        <AUTHOR_1>Amit Chhabra</AUTHOR_1>
        <AUTHOR_2>dr. AMIT VERMA</AUTHOR_2>
        <AUTHOR_3>Dr.Dheerendra Singh</AUTHOR_3>
        <AUTHOR_4 />
        <AUTHOR_5 />
        <impact_factor />
        <year>2017</year>
        <Index>IJCSC</Index>
    </JOURNAL>
    <JOURNAL>
        <ISSN_NO>0973-7384</ISSN_NO>
        <Title>Analysis of Various Parameters which affect Voice Transmission in Wireless Mesh
            Network</Title>
        <TYPE>JOURNAL</TYPE>
        <journal_name>International Journal of Electronics Engineering</journal_name>
        <AUTHOR_1>Amit Chhabra</AUTHOR_1>
        <AUTHOR_2>dr. AMIT VERMA</AUTHOR_2>
        <AUTHOR_3>Dr.Dheerendra Singh</AUTHOR_3>
        <AUTHOR_4 />
        <AUTHOR_5 />
        <impact_factor />
        <year>2017</year>
        <Index>IJEE</Index>
    </JOURNAL>
    <JOURNAL>
        <ISSN_NO>2456-3692</ISSN_NO>
        <Title>From Business Oriented Rules to SBVR</Title>
        <TYPE>JOURNAL</TYPE>
        <journal_name>Circulation in Computer Science, ICIC-2017,pp.45-54,14-15 Dec,2017</journal_name>
        <AUTHOR_1>GAURAV RAJ</AUTHOR_1>
        <AUTHOR_2>TRIVENI MISHRA</AUTHOR_2>
        <AUTHOR_3>Dr.Dheerendra Singh</AUTHOR_3>
        <AUTHOR_4 />
        <AUTHOR_5 />
        <impact_factor />
        <year>2017</year>
        <Index>(ICIC)</Index>
    </JOURNAL>
    <JOURNAL>
        <ISSN_NO>978-981-10-5546-1</ISSN_NO>
        <Title>Penetration Testing as a Test Phase
            in Web Service Testing a Black Box Pen
            Testing Approach</Title>
        <TYPE>JOURNAL</TYPE>
        <journal_name>Springer</journal_name>
        <AUTHOR_1>SHIVAM MEHTA</AUTHOR_1>
        <AUTHOR_2>G. RAJ</AUTHOR_2>
        <AUTHOR_3>Dr.Dheerendra Singh</AUTHOR_3>
        <AUTHOR_4 />
        <AUTHOR_5 />
        <impact_factor />
        <year>2017</year>
        <Index>SCOPUS</Index>
    </JOURNAL>
    <JOURNAL>
        <ISSN_NO>1947-5500</ISSN_NO>
        <Title>Secure Speaker Biometric System using GFCC
            with Additive White Gaussian Noise and Wavelet
            Filter</Title>
        <TYPE>JOURNAL</TYPE>
        <journal_name>International Journal of Computer Science and Information Security (IJCSIS)</journal_name>
        <AUTHOR_1>G. KAUR</AUTHOR_1>
        <AUTHOR_2>S . BHUSAN</AUTHOR_2>
        <AUTHOR_3>Dr.Dheerendra Singh</AUTHOR_3>
        <AUTHOR_4 />
        <AUTHOR_5 />
        <impact_factor />
        <year>2017</year>
        <Index />
    </JOURNAL>
    <JOURNAL>
        <ISSN_NO>(PRINT):0974-6846 ONLINE:0974-5645</ISSN_NO>
        <Title>Enchancing Multi-biometric System Security at Feature level Fusion</Title>
        <TYPE>JOURNAL</TYPE>
        <journal_name>International Journal of Advanced Research in Computer Science &amp;
            Technology</journal_name>
        <AUTHOR_1>G.Raj</AUTHOR_1>
        <AUTHOR_2>M,Mahajan</AUTHOR_2>
        <AUTHOR_3>Dr.Dheerendra Singh</AUTHOR_3>
        <AUTHOR_4 />
        <AUTHOR_5 />
        <impact_factor />
        <year>2017</year>
        <Index />
    </JOURNAL>
    <JOURNAL>
        <ISSN_NO>2347-2693</ISSN_NO>
        <Title>V&amp;V analysis of composite web service using WS simulator for trust management in
            WS lifespan</Title>
        <TYPE>JOURNAL</TYPE>
        <journal_name>International Journal of Computer Sciences and Engineering</journal_name>
        <AUTHOR_1>G.Raj</AUTHOR_1>
        <AUTHOR_2>M,Mahajan</AUTHOR_2>
        <AUTHOR_3>Dr.Dheerendra Singh</AUTHOR_3>
        <AUTHOR_4 />
        <AUTHOR_5 />
        <impact_factor />
        <year>2018</year>
        <Index />
    </JOURNAL>
    <JOURNAL>
        <ISSN_NO>2347-2693</ISSN_NO>
        <Title>Trust management in web sevices for predicition and selection based on trust
            evaluation model</Title>
        <TYPE>JOURNAL</TYPE>
        <journal_name>International Journal of Computer Sciences and Engineering</journal_name>
        <AUTHOR_1 />
        <AUTHOR_2 />
        <AUTHOR_3>Dr.Dheerendra Singh</AUTHOR_3>
        <AUTHOR_4 />
        <AUTHOR_5 />
        <impact_factor />
        <year>2018</year>
        <Index />
    </JOURNAL>
    <JOURNAL>
        <ISSN_NO>1943-023X</ISSN_NO>
        <Title>Effective multimodal biometric system using feature level fusion of tongue, speech
            and signature vector</Title>
        <TYPE>JOURNAL</TYPE>
        <journal_name>journal of advances research in dynamical and control system</journal_name>
        <AUTHOR_1 />
        <AUTHOR_2 />
        <AUTHOR_3>Dr.Dheerendra Singh</AUTHOR_3>
        <AUTHOR_4 />
        <AUTHOR_5 />
        <impact_factor />
        <year>2018</year>
        <Index />
    </JOURNAL>
    <JOURNAL>
        <ISSN_NO>2347-2693</ISSN_NO>
        <Title>Comparative Analysis of hidden web crawler</Title>
        <TYPE>JOURNAL</TYPE>
        <journal_name>International Journal of Computer Sciences and Engineering</journal_name>
        <AUTHOR_1>Ashok Kumar</AUTHOR_1>
        <AUTHOR_2>Manish Mahajan</AUTHOR_2>
        <AUTHOR_3>Dr.Dheerendra Singh</AUTHOR_3>
        <AUTHOR_4 />
        <AUTHOR_5 />
        <impact_factor />
        <year>2018</year>
        <Index />
    </JOURNAL>
    <JOURNAL>
        <ISSN_NO>2321-3256</ISSN_NO>
        <Title>A comparative analysis of trust model in cloud computing</Title>
        <TYPE>JOURNAL</TYPE>
        <journal_name>International journal of scientific research in network security and
            communication</journal_name>
        <AUTHOR_1>U.Kaur</AUTHOR_1>
        <AUTHOR_2>M. Mahajan</AUTHOR_2>
        <AUTHOR_3>Dr.Dheerendra Singh</AUTHOR_3>
        <AUTHOR_4 />
        <AUTHOR_5 />
        <impact_factor />
        <year>2018</year>
        <Index />
    </JOURNAL>
    <JOURNAL>
        <ISSN_NO>2456-3307</ISSN_NO>
        <Title>Analysis of signaling protocol and packet aggregation techniques in VOIP network</Title>
        <TYPE>JOURNAL</TYPE>
        <journal_name>International journal of scientific research in computer science</journal_name>
        <AUTHOR_1>Amit Chhabra</AUTHOR_1>
        <AUTHOR_2>, Dr. Amit Verma</AUTHOR_2>
        <AUTHOR_3>Dr.Dheerendra Singh</AUTHOR_3>
        <AUTHOR_4 />
        <AUTHOR_5 />
        <impact_factor />
        <year>2018</year>
        <Index />
    </JOURNAL>
    <JOURNAL>
        <ISSN_NO>1751-5866</ISSN_NO>
        <Title>Prefetching of hidden web data using association rule</Title>
        <TYPE>JOURNAL</TYPE>
        <journal_name>Accepted for publication, internatinal journal of intelligent information and
            database system</journal_name>
        <AUTHOR_1 />
        <AUTHOR_2 />
        <AUTHOR_3>Dr.Dheerendra Singh</AUTHOR_3>
        <AUTHOR_4 />
        <AUTHOR_5 />
        <impact_factor />
        <year>2018</year>
        <Index>scopus</Index>
    </JOURNAL>
    <JOURNAL>
        <ISSN_NO>1938-7857</ISSN_NO>
        <Title>Meta-heuristics based load balancing optimization in cloud environment on underflow
            and overflow condition</Title>
        <TYPE>JOURNAL</TYPE>
        <journal_name>journal of information technology research</journal_name>
        <AUTHOR_1>Amanpreet Kaur</AUTHOR_1>
        <AUTHOR_2>Bikrampal Kaur</AUTHOR_2>
        <AUTHOR_3>Dr.Dheerendra Singh</AUTHOR_3>
        <AUTHOR_4 />
        <AUTHOR_5 />
        <impact_factor />
        <year>2018</year>
        <Index>scopus</Index>
    </JOURNAL>
    <JOURNAL>
        <ISSN_NO>2511-2104</ISSN_NO>
        <Title>Meta-heuristics based framework for workflow load balancing in cloud</Title>
        <TYPE>JOURNAL</TYPE>
        <journal_name>International journal of information technology, springer</journal_name>
        <AUTHOR_1>Amanpreet Kaur</AUTHOR_1>
        <AUTHOR_2>Dr. Bikrampal Kaur</AUTHOR_2>
        <AUTHOR_3>Dr.Dheerendra Singh</AUTHOR_3>
        <AUTHOR_4 />
        <AUTHOR_5 />
        <impact_factor />
        <year>2018</year>
        <Index>sci</Index>
    </JOURNAL>
    <JOURNAL>
        <ISSN_NO>2227-524X</ISSN_NO>
        <Title>A novel access control in cloud computing environment</Title>
        <TYPE>JOURNAL</TYPE>
        <journal_name>Internatinal journal of engineering &amp; technology</journal_name>
        <AUTHOR_1>Rini Mahajan</AUTHOR_1>
        <AUTHOR_2>Manish Mahajan</AUTHOR_2>
        <AUTHOR_3>Dr.Dheerendra Singh</AUTHOR_3>
        <AUTHOR_4 />
        <AUTHOR_5 />
        <impact_factor />
        <year>2018</year>
        <Index />
    </JOURNAL>
    <JOURNAL>
        <ISSN_NO>1943023X)</ISSN_NO>
        <Title>Trusted web services using prediction performance accuracy of turst decision factor
            in QWS datset</Title>
        <TYPE>JOURNAL</TYPE>
        <journal_name>Journal of advances research in dynamical and control system</journal_name>
        <AUTHOR_1>Rini Mahajan</AUTHOR_1>
        <AUTHOR_2>Manish Mahajan</AUTHOR_2>
        <AUTHOR_3>Dr.Dheerendra Singh</AUTHOR_3>
        <AUTHOR_4 />
        <AUTHOR_5 />
        <impact_factor />
        <year>2018</year>
        <Index />
    </JOURNAL>
    <JOURNAL>
        <ISSN_NO>1063-8016</ISSN_NO>
        <Title>movement from business rule to system development</Title>
        <TYPE>JOURNAL</TYPE>
        <journal_name>communicated journal of database management</journal_name>
        <AUTHOR_1 />
        <AUTHOR_2 />
        <AUTHOR_3>Dr.Dheerendra Singh</AUTHOR_3>
        <AUTHOR_4 />
        <AUTHOR_5 />
        <impact_factor />
        <year>2018</year>
        <Index />
    </JOURNAL>
    <JOURNAL>
        <ISSN_NO>2227-524X</ISSN_NO>
        <Title>A quality feed trust model for data transaction at cloud</Title>
        <TYPE>JOURNAL</TYPE>
        <journal_name>international journal of engineering and technology</journal_name>
        <AUTHOR_1>Amanpreet Kaur</AUTHOR_1>
        <AUTHOR_2>Bikrampal Kaur</AUTHOR_2>
        <AUTHOR_3>Dr.Dheerendra Singh</AUTHOR_3>
        <AUTHOR_4 />
        <AUTHOR_5 />
        <impact_factor />
        <year>2018</year>
        <Index>scopus</Index>
    </JOURNAL>
    <JOURNAL>
        <ISSN_NO>1943-023X</ISSN_NO>
        <Title>Quality feed enhanced trust model in cloud computing</Title>
        <TYPE>JOURNAL</TYPE>
        <journal_name>journal of advances research in dynamical and control system</journal_name>
        <AUTHOR_1>Amanpreet Kaur</AUTHOR_1>
        <AUTHOR_2>Bikrampal Kaur</AUTHOR_2>
        <AUTHOR_3>Dr.Dheerendra Singh</AUTHOR_3>
        <AUTHOR_4 />
        <AUTHOR_5 />
        <impact_factor />
        <year>2018</year>
        <Index>scopus</Index>
    </JOURNAL>
    <JOURNAL>
        <ISSN_NO>2348-1269</ISSN_NO>
        <Title>Understanding the trust cloud computing</Title>
        <TYPE>JOURNAL</TYPE>
        <journal_name>International journal of reserch and analytical reviews</journal_name>
        <AUTHOR_1 />
        <AUTHOR_2 />
        <AUTHOR_3>Dr.Dheerendra Singh</AUTHOR_3>
        <AUTHOR_4 />
        <AUTHOR_5 />
        <impact_factor />
        <year>2018</year>
        <Index>scopus</Index>
    </JOURNAL>
    <JOURNAL>
        <ISSN_NO>0973-4414</ISSN_NO>
        <Title>Window azure active directory services for maintaining seciruty and access control</Title>
        <TYPE>JOURNAL</TYPE>
        <journal_name>journal, IJITKM</journal_name>
        <AUTHOR_1 />
        <AUTHOR_2 />
        <AUTHOR_3>Dr.Dheerendra Singh</AUTHOR_3>
        <AUTHOR_4 />
        <AUTHOR_5 />
        <impact_factor />
        <year>2018</year>
        <Index />
    </JOURNAL>
    <JOURNAL>
        <ISSN_NO />
        <Title>Meta-heuristic based framework for workflow load balancing in cloud environment</Title>
        <TYPE>JOURNAL</TYPE>
        <journal_name>International Journal of Information Technology</journal_name>
        <AUTHOR_1>Amanpreet Kaur</AUTHOR_1>
        <AUTHOR_2>Bikrampal Kaur</AUTHOR_2>
        <AUTHOR_3>Dr.Dheerendra Singh</AUTHOR_3>
        <AUTHOR_4 />
        <AUTHOR_5 />
        <impact_factor />
        <year>2019</year>
        <Index>springer link</Index>
    </JOURNAL>
    <JOURNAL>
        <ISSN_NO />
        <Title>Elaborate Business Dimension of Business Oriented Business Rule Framework</Title>
        <TYPE>JOURNAL</TYPE>
        <journal_name>Journal of Image Processing &amp; Pattern Recognition Progress</journal_name>
        <AUTHOR_1>Gaurav Raj</AUTHOR_1>
        <AUTHOR_2>M.Mahajan</AUTHOR_2>
        <AUTHOR_3>Dr.Dheerendra Singh</AUTHOR_3>
        <AUTHOR_4 />
        <AUTHOR_5 />
        <impact_factor />
        <year>2019</year>
        <Index>springer link</Index>
    </JOURNAL>
    <JOURNAL>
        <ISSN_NO />
        <Title>Attacks Surfaces and Attacks in Cloud Computing</Title>
        <TYPE>JOURNAL</TYPE>
        <journal_name>Journal of Operating Systems Development &amp; Trends</journal_name>
        <AUTHOR_1>Deepak Kumar Sharma</AUTHOR_1>
        <AUTHOR_2>Manish Mahajan</AUTHOR_2>
        <AUTHOR_3>Dr.Dheerendra Singh</AUTHOR_3>
        <AUTHOR_4>Naveen Prakash</AUTHOR_4>
        <AUTHOR_5 />
        <impact_factor />
        <year>2019</year>
        <Index />
    </JOURNAL>
    <JOURNAL>
        <ISSN_NO />
        <Title>Edge computing and deep learning enabled secure multitier network for internet of
            vehicles</Title>
        <TYPE>JOURNAL</TYPE>
        <journal_name>IEEE Internet of Things Journal</journal_name>
        <AUTHOR_1>HARSH GROVER</AUTHOR_1>
        <AUTHOR_2>TEJASWI ALLADI</AUTHOR_2>
        <AUTHOR_3>Dr.Dheerendra Singh</AUTHOR_3>
        <AUTHOR_4>VINAY CHAMOLI</AUTHOR_4>
        <AUTHOR_5>KIM-KWANG RAYMOND CHOO</AUTHOR_5>
        <impact_factor />
        <year>2020</year>
        <Index />
    </JOURNAL>
    <JOURNAL>
        <ISSN_NO />
        <Title>Trust decision model and trust evaluation model for quality web service
            identification in web service lifecycle using QSW data analysis</Title>
        <TYPE>JOURNAL</TYPE>
        <journal_name>International Journal of Web-Based Learning and Teaching Technologies (IJWLTT)</journal_name>
        <AUTHOR_1>GAURAV RAJ</AUTHOR_1>
        <AUTHOR_2>MANISH MAHAJAN</AUTHOR_2>
        <AUTHOR_3>Dr.Dheerendra Singh</AUTHOR_3>
        <AUTHOR_4 />
        <AUTHOR_5 />
        <impact_factor />
        <year>2020</year>
        <Index />
    </JOURNAL>
    <JOURNAL>
        <ISSN_NO />
        <Title>Intrusion detection system in cloud environment: Literature survey &amp; future
            research directions</Title>
        <TYPE>JOURNAL</TYPE>
        <journal_name>International Journal of Information Management Data Insights</journal_name>
        <AUTHOR_1>SUMAN LATA</AUTHOR_1>
        <AUTHOR_2>Dr. Dheerendra Singh</AUTHOR_2>
        <AUTHOR_3>Dr.Dheerendra Singh</AUTHOR_3>
        <AUTHOR_4 />
        <AUTHOR_5 />
        <impact_factor />
        <year>2021</year>
        <Index>Scopus</Index>
    </JOURNAL>
    <JOURNAL>
        <ISSN_NO />
        <Title>Intrusion detection system in cloud environment: Literature survey &amp; future
            research directions</Title>
        <TYPE>JOURNAL</TYPE>
        <journal_name>International Journal of Information Management Data Insights</journal_name>
        <AUTHOR_1>SUMAN LATA</AUTHOR_1>
        <AUTHOR_2>Dr. Dheerendra Singh</AUTHOR_2>
        <AUTHOR_3>Dr.Dheerendra Singh</AUTHOR_3>
        <AUTHOR_4 />
        <AUTHOR_5 />
        <impact_factor />
        <year>2021</year>
        <Index>Scopus</Index>
    </JOURNAL>
    <JOURNAL>
        <ISSN_NO>0974-6803</ISSN_NO>
        <Title>VISION: A COMPUTER VISION BASED SECURE ASSIGNMENT FRAMEWORK</Title>
        <TYPE>JOURNAL</TYPE>
        <journal_name>ADVANCES AND APPLICATION IN MATHEMATICAL SCIENCES</journal_name>
        <AUTHOR_1>ANMOL CHANDEL</AUTHOR_1>
        <AUTHOR_2>INDERPREET SINGH</AUTHOR_2>
        <AUTHOR_3>Dr.Dheerendra Singh</AUTHOR_3>
        <AUTHOR_4>GAURAV RAJ</AUTHOR_4>
        <AUTHOR_5>ANKITA CHANDEL</AUTHOR_5>
        <impact_factor />
        <year>2023</year>
        <Index>SCOPUS</Index>
    </JOURNAL>
</root>