﻿<?xml version="1.0" encoding="utf-8"?>
<root>
    <PAPER_DETAIL>
        <Title>Optimization techniques for resource provisioning and load balancing in cloud
            environment: a review</Title>
        <year>2017</year>
        <AUTHOR_1>Amanpreet Kaur</AUTHOR_1>
        <AUTHOR_2>Dr. Bikrampal Kaur</AUTHOR_2>
        <AUTHOR_3>Dr. Dheerendra Singh</AUTHOR_3>
        <AUTHOR_4 />
        <AUTHOR_5 />
        <VOLUME>9</VOLUME>
        <ISSUE />
        <PAGE_NO>28-35</PAGE_NO>
    </PAPER_DETAIL>
    <PAPER_DETAIL>
        <Title>Fusion in multimodal biometric system: A review</Title>
        <year>2017</year>
        <AUTHOR_1>G. KAUR</AUTHOR_1>
        <AUTHOR_2>S . BHUSAN</AUTHOR_2>
        <AUTHOR_3>Dr. Dheerendra Singh</AUTHOR_3>
        <AUTHOR_4 />
        <AUTHOR_5 />
        <VOLUME>10</VOLUME>
        <ISSUE>28</ISSUE>
        <PAGE_NO>45567</PAGE_NO>
    </PAPER_DETAIL>
    <PAPER_DETAIL>
        <Title>Challenges to Task and Workflow Scheduling in Cloud Environment</Title>
        <year>2017</year>
        <AUTHOR_1>Amanpreet Kaur</AUTHOR_1>
        <AUTHOR_2>Dr. Bikrampal Kaur</AUTHOR_2>
        <AUTHOR_3>Dr. Dheerendra Singh</AUTHOR_3>
        <AUTHOR_4 />
        <AUTHOR_5 />
        <VOLUME>8</VOLUME>
        <ISSUE>8</ISSUE>
        <PAGE_NO>412-415</PAGE_NO>
    </PAPER_DETAIL>
    <PAPER_DETAIL>
        <Title>Detection of Motorcyclists without Helmet in Videos using Convolutional Neural
            Network</Title>
        <year>2017</year>
        <AUTHOR_1>c. VISHNU</AUTHOR_1>
        <AUTHOR_2>DINESH SINGH</AUTHOR_2>
        <AUTHOR_3>Dr. Dheerendra Singh</AUTHOR_3>
        <AUTHOR_4 />
        <AUTHOR_5 />
        <VOLUME />
        <ISSUE />
        <PAGE_NO />
    </PAPER_DETAIL>
    <PAPER_DETAIL>
        <Title>Detection of motorcyclists without helmet in videos using convolutional neural
            network</Title>
        <year>2017</year>
        <AUTHOR_1>c. VISHNU</AUTHOR_1>
        <AUTHOR_2>DINESH SINGH</AUTHOR_2>
        <AUTHOR_3>Dr. Dheerendra Singh</AUTHOR_3>
        <AUTHOR_4 />
        <AUTHOR_5 />
        <VOLUME />
        <ISSUE />
        <PAGE_NO />
    </PAPER_DETAIL>
    <PAPER_DETAIL>
        <Title>Scheduling and Load Balancing in Cloud Environment</Title>
        <year>2017</year>
        <AUTHOR_1>DK SHARMA</AUTHOR_1>
        <AUTHOR_2>MANISH MAHAJAN</AUTHOR_2>
        <AUTHOR_3>Dr. Dheerendra Singh</AUTHOR_3>
        <AUTHOR_4 />
        <AUTHOR_5 />
        <VOLUME>7</VOLUME>
        <ISSUE>6</ISSUE>
        <PAGE_NO>45444</PAGE_NO>
    </PAPER_DETAIL>
    <PAPER_DETAIL>
        <Title>Step by Step Securing Cloud Environment</Title>
        <year>2017</year>
        <AUTHOR_1>RINI MAHAJAN</AUTHOR_1>
        <AUTHOR_2>Dr. Dheerendra Singh</AUTHOR_2>
        <AUTHOR_3>Dr. Dheerendra Singh</AUTHOR_3>
        <AUTHOR_4 />
        <AUTHOR_5 />
        <VOLUME>6</VOLUME>
        <ISSUE>4</ISSUE>
        <PAGE_NO>47-54</PAGE_NO>
    </PAPER_DETAIL>
    <PAPER_DETAIL>
        <Title>Analysis of Business Rules modeling Approaches using 4-Dimensional Business Rule
            Framework</Title>
        <year>2017</year>
        <AUTHOR_1>DK SHARMA</AUTHOR_1>
        <AUTHOR_2>MANISH MAHAJAN</AUTHOR_2>
        <AUTHOR_3>Dr. Dheerendra Singh</AUTHOR_3>
        <AUTHOR_4>Naveen Praksh</AUTHOR_4>
        <AUTHOR_5 />
        <VOLUME>5</VOLUME>
        <ISSUE>12</ISSUE>
        <PAGE_NO>135-152</PAGE_NO>
    </PAPER_DETAIL>
    <PAPER_DETAIL>
        <Title>Design and Implementation of a Software System for High Level Business Rules</Title>
        <year>2017</year>
        <AUTHOR_1>DK SHARMA</AUTHOR_1>
        <AUTHOR_2>MANISH MAHAJAN</AUTHOR_2>
        <AUTHOR_3>Dr. Dheerendra Singh</AUTHOR_3>
        <AUTHOR_4>Naveen Praksh</AUTHOR_4>
        <AUTHOR_5 />
        <VOLUME>7</VOLUME>
        <ISSUE>6</ISSUE>
        <PAGE_NO>2003-2012</PAGE_NO>
    </PAPER_DETAIL>
    <PAPER_DETAIL>
        <Title>Experimental Evaluation of Quality of Service Parameters over VoIP Network</Title>
        <year>2017</year>
        <AUTHOR_1>Amit Chhabra</AUTHOR_1>
        <AUTHOR_2>dr. AMIT VERMA</AUTHOR_2>
        <AUTHOR_3>Dr. Dheerendra Singh</AUTHOR_3>
        <AUTHOR_4 />
        <AUTHOR_5 />
        <VOLUME>8</VOLUME>
        <ISSUE>2</ISSUE>
        <PAGE_NO>160-173</PAGE_NO>
    </PAPER_DETAIL>
    <PAPER_DETAIL>
        <Title>Analysis of Various Parameters which affect Voice Transmission in Wireless Mesh
            Network</Title>
        <year>2017</year>
        <AUTHOR_1>Amit Chhabra</AUTHOR_1>
        <AUTHOR_2>dr. AMIT VERMA</AUTHOR_2>
        <AUTHOR_3>Dr. Dheerendra Singh</AUTHOR_3>
        <AUTHOR_4 />
        <AUTHOR_5 />
        <VOLUME>9</VOLUME>
        <ISSUE>2</ISSUE>
        <PAGE_NO>85-91</PAGE_NO>
    </PAPER_DETAIL>
    <PAPER_DETAIL>
        <Title>Particle Swarm Optimization based Dynamic Load Balancing in Cloud Environment</Title>
        <year>2017</year>
        <AUTHOR_1>Amanpreet Kaur</AUTHOR_1>
        <AUTHOR_2>Dr. Bikrampal Kaur</AUTHOR_2>
        <AUTHOR_3>Dr. Dheerendra Singh</AUTHOR_3>
        <AUTHOR_4 />
        <AUTHOR_5 />
        <VOLUME>9</VOLUME>
        <ISSUE>2</ISSUE>
        <PAGE_NO>130-136</PAGE_NO>
    </PAPER_DETAIL>
    <PAPER_DETAIL>
        <Title>Comparative Analysis of Metaheuristics based Load Balancing Optimization in Cloud
            Environment</Title>
        <year>2017</year>
        <AUTHOR_1>Amanpreet Kaur</AUTHOR_1>
        <AUTHOR_2>Dr. Bikrampal Kaur</AUTHOR_2>
        <AUTHOR_3>Dr. Dheerendra Singh</AUTHOR_3>
        <AUTHOR_4 />
        <AUTHOR_5 />
        <VOLUME>1</VOLUME>
        <ISSUE>3</ISSUE>
        <PAGE_NO>30-46</PAGE_NO>
    </PAPER_DETAIL>
    <PAPER_DETAIL>
        <Title>From Business Oriented Rules to SBVR</Title>
        <year>2017</year>
        <AUTHOR_1>GAURAV RAJ</AUTHOR_1>
        <AUTHOR_2>TRIVENI MISHRA</AUTHOR_2>
        <AUTHOR_3>Dr. Dheerendra Singh</AUTHOR_3>
        <AUTHOR_4 />
        <AUTHOR_5 />
        <VOLUME />
        <ISSUE />
        <PAGE_NO>45-54</PAGE_NO>
    </PAPER_DETAIL>
    <PAPER_DETAIL>
        <Title>QoWS Analysis for Web Service Selection Using WS Monitoring Tool</Title>
        <year>2017</year>
        <AUTHOR_1>GAURAV RAJ</AUTHOR_1>
        <AUTHOR_2>TRIVENI MISHRA</AUTHOR_2>
        <AUTHOR_3>Dr. Dheerendra Singh</AUTHOR_3>
        <AUTHOR_4 />
        <AUTHOR_5 />
        <VOLUME />
        <ISSUE />
        <PAGE_NO>46-52</PAGE_NO>
    </PAPER_DETAIL>
    <PAPER_DETAIL>
        <Title>Penetration Testing as a Test Phase
            in Web Service Testing a Black Box Pen
            Testing Approach</Title>
        <year>2017</year>
        <AUTHOR_1>SHIVAM MEHTA</AUTHOR_1>
        <AUTHOR_2>G. RAJ</AUTHOR_2>
        <AUTHOR_3>Dr. Dheerendra Singh</AUTHOR_3>
        <AUTHOR_4 />
        <AUTHOR_5 />
        <VOLUME>2</VOLUME>
        <ISSUE />
        <PAGE_NO>623-625</PAGE_NO>
    </PAPER_DETAIL>
    <PAPER_DETAIL>
        <Title>Secure Speaker Biometric System using GFCC
            with Additive White Gaussian Noise and Wavelet
            Filter</Title>
        <year>2017</year>
        <AUTHOR_1>G. KAUR</AUTHOR_1>
        <AUTHOR_2>S . BHUSAN</AUTHOR_2>
        <AUTHOR_3>Dr. Dheerendra Singh</AUTHOR_3>
        <AUTHOR_4 />
        <AUTHOR_5 />
        <VOLUME>14</VOLUME>
        <ISSUE>6</ISSUE>
        <PAGE_NO>40-47</PAGE_NO>
    </PAPER_DETAIL>
    <PAPER_DETAIL>
        <Title>Enchancing Multi-biometric System Security at Feature level Fusion</Title>
        <year>2017</year>
        <AUTHOR_1>G.Raj</AUTHOR_1>
        <AUTHOR_2>M,Mahajan</AUTHOR_2>
        <AUTHOR_3>Dr. Dheerendra Singh</AUTHOR_3>
        <AUTHOR_4 />
        <AUTHOR_5 />
        <VOLUME>6</VOLUME>
        <ISSUE>8</ISSUE>
        <PAGE_NO>54-59</PAGE_NO>
    </PAPER_DETAIL>
    <PAPER_DETAIL>
        <Title>V&amp;V analysis of composite web service using WS simulator for trust management in
            WS lifespan</Title>
        <year>2018</year>
        <AUTHOR_1>G.Raj</AUTHOR_1>
        <AUTHOR_2>M,Mahajan</AUTHOR_2>
        <AUTHOR_3>Dr. Dheerendra Singh</AUTHOR_3>
        <AUTHOR_4 />
        <AUTHOR_5 />
        <VOLUME>6</VOLUME>
        <ISSUE>6</ISSUE>
        <PAGE_NO>1433-1440</PAGE_NO>
    </PAPER_DETAIL>
    <PAPER_DETAIL>
        <Title>Trust management in web sevices for predicition and selection based on trust
            evaluation model</Title>
        <year>2018</year>
        <AUTHOR_1 />
        <AUTHOR_2 />
        <AUTHOR_3>Dr. Dheerendra Singh</AUTHOR_3>
        <AUTHOR_4 />
        <AUTHOR_5 />
        <VOLUME>6</VOLUME>
        <ISSUE>6</ISSUE>
        <PAGE_NO />
    </PAPER_DETAIL>
    <PAPER_DETAIL>
        <Title>Effective multimodal biometric system using feature level fusion of tongue, speech
            and signature vector</Title>
        <year>2018</year>
        <AUTHOR_1 />
        <AUTHOR_2 />
        <AUTHOR_3>Dr. Dheerendra Singh</AUTHOR_3>
        <AUTHOR_4 />
        <AUTHOR_5 />
        <VOLUME />
        <ISSUE />
        <PAGE_NO />
    </PAPER_DETAIL>
    <PAPER_DETAIL>
        <Title>Comparative Analysis of hidden web crawler</Title>
        <year>2018</year>
        <AUTHOR_1>Ashok Kumar</AUTHOR_1>
        <AUTHOR_2>Manish Mahajan</AUTHOR_2>
        <AUTHOR_3>Dr. Dheerendra Singh</AUTHOR_3>
        <AUTHOR_4 />
        <AUTHOR_5 />
        <VOLUME>6</VOLUME>
        <ISSUE>5</ISSUE>
        <PAGE_NO>190-194</PAGE_NO>
    </PAPER_DETAIL>
    <PAPER_DETAIL>
        <Title>A comparative analysis of trust model in cloud computing</Title>
        <year>2018</year>
        <AUTHOR_1>U.Kaur</AUTHOR_1>
        <AUTHOR_2>M. Mahajan</AUTHOR_2>
        <AUTHOR_3>Dr. Dheerendra Singh</AUTHOR_3>
        <AUTHOR_4 />
        <AUTHOR_5 />
        <VOLUME>6</VOLUME>
        <ISSUE>2</ISSUE>
        <PAGE_NO>19-23</PAGE_NO>
    </PAPER_DETAIL>
    <PAPER_DETAIL>
        <Title>Analysis of signaling protocol and packet aggregation techniques in VOIP network</Title>
        <year>2018</year>
        <AUTHOR_1>Amit Chhabra</AUTHOR_1>
        <AUTHOR_2>, Dr. Amit Verma</AUTHOR_2>
        <AUTHOR_3>Dr. Dheerendra Singh</AUTHOR_3>
        <AUTHOR_4 />
        <AUTHOR_5 />
        <VOLUME>3</VOLUME>
        <ISSUE>3</ISSUE>
        <PAGE_NO>1583-1589</PAGE_NO>
    </PAPER_DETAIL>
    <PAPER_DETAIL>
        <Title>Prefetching of hidden web data using association rule</Title>
        <year>2018</year>
        <AUTHOR_1 />
        <AUTHOR_2 />
        <AUTHOR_3>Dr. Dheerendra Singh</AUTHOR_3>
        <AUTHOR_4 />
        <AUTHOR_5 />
        <VOLUME />
        <ISSUE />
        <PAGE_NO />
    </PAPER_DETAIL>
    <PAPER_DETAIL>
        <Title>Meta-heuristics based load balancing optimization in cloud environment on underflow
            and overflow condition</Title>
        <year>2018</year>
        <AUTHOR_1>Amanpreet Kaur</AUTHOR_1>
        <AUTHOR_2>Bikrampal Kaur</AUTHOR_2>
        <AUTHOR_3>Dr. Dheerendra Singh</AUTHOR_3>
        <AUTHOR_4 />
        <AUTHOR_5 />
        <VOLUME>11</VOLUME>
        <ISSUE>4</ISSUE>
        <PAGE_NO>155-156</PAGE_NO>
    </PAPER_DETAIL>
    <PAPER_DETAIL>
        <Title>Comparative analysis of metaheuristics based Load Balancing Optimization in Cloud
            Environment</Title>
        <year>2018</year>
        <AUTHOR_1>Amanpreet Kaur</AUTHOR_1>
        <AUTHOR_2>Dr. Bikrampal Kaur</AUTHOR_2>
        <AUTHOR_3>Dr. Dheerendra Singh</AUTHOR_3>
        <AUTHOR_4 />
        <AUTHOR_5 />
        <VOLUME>827</VOLUME>
        <ISSUE />
        <PAGE_NO>30–46</PAGE_NO>
    </PAPER_DETAIL>
    <PAPER_DETAIL>
        <Title>Meta-heuristics based framework for workflow load balancing in cloud</Title>
        <year>2018</year>
        <AUTHOR_1>Amanpreet Kaur</AUTHOR_1>
        <AUTHOR_2>Dr. Bikrampal Kaur</AUTHOR_2>
        <AUTHOR_3>Dr. Dheerendra Singh</AUTHOR_3>
        <AUTHOR_4 />
        <AUTHOR_5 />
        <VOLUME>7</VOLUME>
        <ISSUE>6</ISSUE>
        <PAGE_NO>45444</PAGE_NO>
    </PAPER_DETAIL>
    <PAPER_DETAIL>
        <Title>A novel access control in cloud computing environment</Title>
        <year>2018</year>
        <AUTHOR_1>Rini Mahajan</AUTHOR_1>
        <AUTHOR_2>Manish Mahajan</AUTHOR_2>
        <AUTHOR_3>Dr. Dheerendra Singh</AUTHOR_3>
        <AUTHOR_4 />
        <AUTHOR_5 />
        <VOLUME>7</VOLUME>
        <ISSUE>3</ISSUE>
        <PAGE_NO />
    </PAPER_DETAIL>
    <PAPER_DETAIL>
        <Title>Trusted web services using prediction performance accuracy of turst decision factor
            in QWS datset</Title>
        <year>2018</year>
        <AUTHOR_1>Rini Mahajan</AUTHOR_1>
        <AUTHOR_2>Manish Mahajan</AUTHOR_2>
        <AUTHOR_3>Dr. Dheerendra Singh</AUTHOR_3>
        <AUTHOR_4 />
        <AUTHOR_5 />
        <VOLUME>12</VOLUME>
        <ISSUE />
        <PAGE_NO />
    </PAPER_DETAIL>
    <PAPER_DETAIL>
        <Title>movement from business rule to system development</Title>
        <year>2018</year>
        <AUTHOR_1 />
        <AUTHOR_2 />
        <AUTHOR_3>Dr. Dheerendra Singh</AUTHOR_3>
        <AUTHOR_4 />
        <AUTHOR_5 />
        <VOLUME />
        <ISSUE />
        <PAGE_NO />
    </PAPER_DETAIL>
    <PAPER_DETAIL>
        <Title>A quality feed trust model for data transaction at cloud</Title>
        <year>2018</year>
        <AUTHOR_1>Amanpreet Kaur</AUTHOR_1>
        <AUTHOR_2>Bikrampal Kaur</AUTHOR_2>
        <AUTHOR_3>Dr. Dheerendra Singh</AUTHOR_3>
        <AUTHOR_4 />
        <AUTHOR_5 />
        <VOLUME>7</VOLUME>
        <ISSUE>3.29</ISSUE>
        <PAGE_NO />
    </PAPER_DETAIL>
    <PAPER_DETAIL>
        <Title>Quality feed enhanced trust model in cloud computing</Title>
        <year>2018</year>
        <AUTHOR_1>Amanpreet Kaur</AUTHOR_1>
        <AUTHOR_2>Bikrampal Kaur</AUTHOR_2>
        <AUTHOR_3>Dr. Dheerendra Singh</AUTHOR_3>
        <AUTHOR_4 />
        <AUTHOR_5 />
        <VOLUME>8</VOLUME>
        <ISSUE>10</ISSUE>
        <PAGE_NO />
    </PAPER_DETAIL>
    <PAPER_DETAIL>
        <Title>Understanding the trust cloud computing</Title>
        <year>2018</year>
        <AUTHOR_1 />
        <AUTHOR_2 />
        <AUTHOR_3>Dr. Dheerendra Singh</AUTHOR_3>
        <AUTHOR_4 />
        <AUTHOR_5 />
        <VOLUME>5</VOLUME>
        <ISSUE>3</ISSUE>
        <PAGE_NO />
    </PAPER_DETAIL>
    <PAPER_DETAIL>
        <Title>Window azure active directory services for maintaining seciruty and access control</Title>
        <year>2018</year>
        <AUTHOR_1 />
        <AUTHOR_2 />
        <AUTHOR_3>Dr. Dheerendra Singh</AUTHOR_3>
        <AUTHOR_4 />
        <AUTHOR_5 />
        <VOLUME>11</VOLUME>
        <ISSUE>2</ISSUE>
        <PAGE_NO />
    </PAPER_DETAIL>
    <PAPER_DETAIL>
        <Title>Meta-heuristic based framework for workflow load balancing in cloud environment</Title>
        <year>2019</year>
        <AUTHOR_1>Amanpreet Kaur</AUTHOR_1>
        <AUTHOR_2>Bikrampal Kaur</AUTHOR_2>
        <AUTHOR_3>Dr. Dheerendra Singh</AUTHOR_3>
        <AUTHOR_4 />
        <AUTHOR_5 />
        <VOLUME>11</VOLUME>
        <ISSUE />
        <PAGE_NO>119-125</PAGE_NO>
    </PAPER_DETAIL>
    <PAPER_DETAIL>
        <Title>Elaborate Business Dimension of Business Oriented Business Rule Framework</Title>
        <year>2019</year>
        <AUTHOR_1>Gaurav Raj</AUTHOR_1>
        <AUTHOR_2>M.Mahajan</AUTHOR_2>
        <AUTHOR_3>Dr. Dheerendra Singh</AUTHOR_3>
        <AUTHOR_4 />
        <AUTHOR_5 />
        <VOLUME>6</VOLUME>
        <ISSUE>2</ISSUE>
        <PAGE_NO>44774</PAGE_NO>
    </PAPER_DETAIL>
    <PAPER_DETAIL>
        <Title>Attacks Surfaces and Attacks in Cloud Computing</Title>
        <year>2019</year>
        <AUTHOR_1>Deepak Kumar Sharma</AUTHOR_1>
        <AUTHOR_2>Manish Mahajan</AUTHOR_2>
        <AUTHOR_3>Dr. Dheerendra Singh</AUTHOR_3>
        <AUTHOR_4>Naveen Prakash</AUTHOR_4>
        <AUTHOR_5 />
        <VOLUME>6</VOLUME>
        <ISSUE>1</ISSUE>
        <PAGE_NO>24-35</PAGE_NO>
    </PAPER_DETAIL>
    <PAPER_DETAIL>
        <Title>Edge computing and deep learning enabled secure multitier network for internet of
            vehicles</Title>
        <year>2020</year>
        <AUTHOR_1>HARSH GROVER</AUTHOR_1>
        <AUTHOR_2>TEJASWI ALLADI</AUTHOR_2>
        <AUTHOR_3>Dr. Dheerendra Singh</AUTHOR_3>
        <AUTHOR_4>VINAY CHAMOLI</AUTHOR_4>
        <AUTHOR_5>KIM-KWANG RAYMOND CHOO</AUTHOR_5>
        <VOLUME>8</VOLUME>
        <ISSUE>19</ISSUE>
        <PAGE_NO>14787-14796</PAGE_NO>
    </PAPER_DETAIL>
    <PAPER_DETAIL>
        <Title>Trust decision model and trust evaluation model for quality web service
            identification in web service lifecycle using QSW data analysis</Title>
        <year>2020</year>
        <AUTHOR_1>GAURAV RAJ</AUTHOR_1>
        <AUTHOR_2>MANISH MAHAJAN</AUTHOR_2>
        <AUTHOR_3>Dr. Dheerendra Singh</AUTHOR_3>
        <AUTHOR_4 />
        <AUTHOR_5 />
        <VOLUME>15</VOLUME>
        <ISSUE>1</ISSUE>
        <PAGE_NO>53-72</PAGE_NO>
    </PAPER_DETAIL>
    <PAPER_DETAIL>
        <Title>Intrusion detection system in cloud environment: Literature survey &amp; future
            research directions</Title>
        <year>2021</year>
        <AUTHOR_1>SUMAN LATA</AUTHOR_1>
        <AUTHOR_2>Dr. Dheerendra Singh</AUTHOR_2>
        <AUTHOR_3>Dr. Dheerendra Singh</AUTHOR_3>
        <AUTHOR_4 />
        <AUTHOR_5 />
        <VOLUME>2</VOLUME>
        <ISSUE>2</ISSUE>
        <PAGE_NO />
    </PAPER_DETAIL>
    <PAPER_DETAIL>
        <Title>A Hybrid Approach for Cloud Load Balancing</Title>
        <year>2021</year>
        <AUTHOR_1>SUMAN LATA</AUTHOR_1>
        <AUTHOR_2>Dr. Dheerendra Singh</AUTHOR_2>
        <AUTHOR_3>Dr. Dheerendra Singh</AUTHOR_3>
        <AUTHOR_4 />
        <AUTHOR_5 />
        <VOLUME />
        <ISSUE />
        <PAGE_NO />
    </PAPER_DETAIL>
    <PAPER_DETAIL>
        <Title>Intrusion detection system in cloud environment: Literature survey &amp; future
            research directions</Title>
        <year>2021</year>
        <AUTHOR_1>SUMAN LATA</AUTHOR_1>
        <AUTHOR_2>Dr. Dheerendra Singh</AUTHOR_2>
        <AUTHOR_3>Dr. Dheerendra Singh</AUTHOR_3>
        <AUTHOR_4 />
        <AUTHOR_5 />
        <VOLUME>2</VOLUME>
        <ISSUE>2</ISSUE>
        <PAGE_NO>100134</PAGE_NO>
    </PAPER_DETAIL>
    <PAPER_DETAIL>
        <Title>Optimizing Packets of Software Defined Network Using Hybrid Optimization Techniques</Title>
        <year>2021</year>
        <AUTHOR_1>JAGMEET KAUR</AUTHOR_1>
        <AUTHOR_2>Dr. Dheerendra Singh</AUTHOR_2>
        <AUTHOR_3>Dr. Dheerendra Singh</AUTHOR_3>
        <AUTHOR_4 />
        <AUTHOR_5 />
        <VOLUME>2</VOLUME>
        <ISSUE />
        <PAGE_NO>343-349</PAGE_NO>
    </PAPER_DETAIL>
    <PAPER_DETAIL>
        <Title>Cloud simulation tools: A survey</Title>
        <year>2022</year>
        <AUTHOR_1>SUMAN LATA</AUTHOR_1>
        <AUTHOR_2>Dr. Dheerendra Singh</AUTHOR_2>
        <AUTHOR_3>Dr. Dheerendra Singh</AUTHOR_3>
        <AUTHOR_4 />
        <AUTHOR_5 />
        <VOLUME>2555</VOLUME>
        <ISSUE>1</ISSUE>
        <PAGE_NO>030003-01 to 030003-10</PAGE_NO>
    </PAPER_DETAIL>
    <PAPER_DETAIL>
        <Title>VISION: A COMPUTER VISION BASED SECURE ASSIGNMENT FRAMEWORK</Title>
        <year>2023</year>
        <AUTHOR_1>ANMOL CHANDEL</AUTHOR_1>
        <AUTHOR_2>INDERPREET SINGH</AUTHOR_2>
        <AUTHOR_3>Dr. Dheerendra Singh</AUTHOR_3>
        <AUTHOR_4>GAURAV RAJ</AUTHOR_4>
        <AUTHOR_5>ANKITA CHANDEL</AUTHOR_5>
        <VOLUME>21</VOLUME>
        <ISSUE>10</ISSUE>
        <PAGE_NO>5813-5822</PAGE_NO>
    </PAPER_DETAIL>
</root>