﻿<?xml version="1.0" encoding="utf-8"?>
<root>
    <PUBLICATION>
        <Title>Optimization techniques for resource provisioning and load balancing in cloud
            environment: a review</Title>
        <TYPE>JOURNAL</TYPE>
        <NameofPUBLISHER>International Journal of Information Engineering and Electronic Business</NameofPUBLISHER>
        <year>2017</year>
        <ISSN_NO />
        <PLACE_OF_CONFERENCE />
        <DOC />
        <DOI>10.5815/ijieeb.2017.01.04</DOI>
        <ISBN_NO />
        <DOP>42736</DOP>
        <AUTHOR_1>Amanpreet Kaur</AUTHOR_1>
        <AUTHOR_2>Dr. Bikrampal Kaur</AUTHOR_2>
        <AUTHOR_3>Dr. Dheerendra Singh</AUTHOR_3>
        <AUTHOR_4 />
        <AUTHOR_5 />
        <Impact_Factor />
        <VOLUME>9</VOLUME>
        <ISSUE />
        <PAGE_NO>28-35</PAGE_NO>
        <Index>SCI</Index>
    </PUBLICATION>
    <PUBLICATION>
        <Title>Fusion in multimodal biometric system: A review</Title>
        <TYPE>JOURNAL</TYPE>
        <NameofPUBLISHER>Indian Journal of Science and Technology</NameofPUBLISHER>
        <year>2017</year>
        <ISSN_NO>0974-6846</ISSN_NO>
        <PLACE_OF_CONFERENCE />
        <DOC />
        <DOI>https://doi.org/10.17485/ijst/2017/v10i28/156107</DOI>
        <ISBN_NO />
        <DOP>42917</DOP>
        <AUTHOR_1>G. KAUR</AUTHOR_1>
        <AUTHOR_2>S . BHUSAN</AUTHOR_2>
        <AUTHOR_3>Dr. Dheerendra Singh</AUTHOR_3>
        <AUTHOR_4 />
        <AUTHOR_5 />
        <Impact_Factor />
        <VOLUME>10</VOLUME>
        <ISSUE>28</ISSUE>
        <PAGE_NO>45567</PAGE_NO>
        <Index>SCOPUS</Index>
    </PUBLICATION>
    <PUBLICATION>
        <Title>Challenges to Task and Workflow Scheduling in Cloud Environment</Title>
        <TYPE>JOURNAL</TYPE>
        <NameofPUBLISHER>International Journal of Advanced Research in Computer Science</NameofPUBLISHER>
        <year>2017</year>
        <ISSN_NO>0976-5697</ISSN_NO>
        <PLACE_OF_CONFERENCE />
        <DOC />
        <DOI />
        <ISBN_NO />
        <DOP />
        <AUTHOR_1>Amanpreet Kaur</AUTHOR_1>
        <AUTHOR_2>Dr. Bikrampal Kaur</AUTHOR_2>
        <AUTHOR_3>Dr. Dheerendra Singh</AUTHOR_3>
        <AUTHOR_4 />
        <AUTHOR_5 />
        <Impact_Factor />
        <VOLUME>8</VOLUME>
        <ISSUE>8</ISSUE>
        <PAGE_NO>412-415</PAGE_NO>
        <Index>SCOPUS</Index>
    </PUBLICATION>
    <PUBLICATION>
        <Title>Detection of Motorcyclists without Helmet in Videos using Convolutional Neural
            Network</Title>
        <TYPE>CONFERENCE</TYPE>
        <NameofPUBLISHER>2017 International joint conference on neural networks (IJCNN)</NameofPUBLISHER>
        <year>2017</year>
        <ISSN_NO />
        <PLACE_OF_CONFERENCE>Anchorage, AK, USA</PLACE_OF_CONFERENCE>
        <DOC>14-19 May 2017</DOC>
        <DOI>10.1109/IJCNN.2017.7966233</DOI>
        <ISBN_NO>978-1-5090-6183-9</ISBN_NO>
        <DOP />
        <AUTHOR_1>c. VISHNU</AUTHOR_1>
        <AUTHOR_2>DINESH SINGH</AUTHOR_2>
        <AUTHOR_3>Dr. Dheerendra Singh</AUTHOR_3>
        <AUTHOR_4 />
        <AUTHOR_5 />
        <Impact_Factor />
        <VOLUME />
        <ISSUE />
        <PAGE_NO />
        <Index />
    </PUBLICATION>
    <PUBLICATION>
        <Title>Detection of motorcyclists without helmet in videos using convolutional neural
            network</Title>
        <TYPE>JOURNAL</TYPE>
        <NameofPUBLISHER>IEEE</NameofPUBLISHER>
        <year>2017</year>
        <ISSN_NO>2161-4408</ISSN_NO>
        <PLACE_OF_CONFERENCE />
        <DOC />
        <DOI />
        <ISBN_NO />
        <DOP>42919</DOP>
        <AUTHOR_1>c. VISHNU</AUTHOR_1>
        <AUTHOR_2>DINESH SINGH</AUTHOR_2>
        <AUTHOR_3>Dr. Dheerendra Singh</AUTHOR_3>
        <AUTHOR_4 />
        <AUTHOR_5 />
        <Impact_Factor />
        <VOLUME />
        <ISSUE />
        <PAGE_NO />
        <Index>SCOPUS</Index>
    </PUBLICATION>
    <PUBLICATION>
        <Title>Scheduling and Load Balancing in Cloud Environment</Title>
        <TYPE>JOURNAL</TYPE>
        <NameofPUBLISHER>International Journal of Computer Science &amp; Information Technology
            Research Excellence</NameofPUBLISHER>
        <year>2017</year>
        <ISSN_NO>2548-4165</ISSN_NO>
        <PLACE_OF_CONFERENCE />
        <DOC />
        <DOI />
        <ISBN_NO />
        <DOP />
        <AUTHOR_1>DK SHARMA</AUTHOR_1>
        <AUTHOR_2>MANISH MAHAJAN</AUTHOR_2>
        <AUTHOR_3>Dr. Dheerendra Singh</AUTHOR_3>
        <AUTHOR_4 />
        <AUTHOR_5 />
        <Impact_Factor />
        <VOLUME>7</VOLUME>
        <ISSUE>6</ISSUE>
        <PAGE_NO>45444</PAGE_NO>
        <Index>SCOPUS</Index>
    </PUBLICATION>
    <PUBLICATION>
        <Title>Step by Step Securing Cloud Environment</Title>
        <TYPE>JOURNAL</TYPE>
        <NameofPUBLISHER>International Journal of General Engineering and Technology (IJGET)</NameofPUBLISHER>
        <year>2017</year>
        <ISSN_NO>ISSN(P): 2278-9928; ISSN(E): 2278-9936</ISSN_NO>
        <PLACE_OF_CONFERENCE />
        <DOC />
        <DOI />
        <ISBN_NO />
        <DOP>42917</DOP>
        <AUTHOR_1>RINI MAHAJAN</AUTHOR_1>
        <AUTHOR_2>Dr. Dheerendra Singh</AUTHOR_2>
        <AUTHOR_3>Dr. Dheerendra Singh</AUTHOR_3>
        <AUTHOR_4 />
        <AUTHOR_5 />
        <Impact_Factor />
        <VOLUME>6</VOLUME>
        <ISSUE>4</ISSUE>
        <PAGE_NO>47-54</PAGE_NO>
        <Index>SCI</Index>
    </PUBLICATION>
    <PUBLICATION>
        <Title>Analysis of Business Rules modeling Approaches using 4-Dimensional Business Rule
            Framework</Title>
        <TYPE>JOURNAL</TYPE>
        <NameofPUBLISHER>International Journal of Computer Sciences and Engineering</NameofPUBLISHER>
        <year>2017</year>
        <ISSN_NO>2347-2693</ISSN_NO>
        <PLACE_OF_CONFERENCE />
        <DOC />
        <DOI />
        <ISBN_NO />
        <DOP>43100</DOP>
        <AUTHOR_1>DK SHARMA</AUTHOR_1>
        <AUTHOR_2>MANISH MAHAJAN</AUTHOR_2>
        <AUTHOR_3>Dr. Dheerendra Singh</AUTHOR_3>
        <AUTHOR_4>Naveen Praksh</AUTHOR_4>
        <AUTHOR_5 />
        <Impact_Factor />
        <VOLUME>5</VOLUME>
        <ISSUE>12</ISSUE>
        <PAGE_NO>135-152</PAGE_NO>
        <Index>SPRINGER</Index>
    </PUBLICATION>
    <PUBLICATION>
        <Title>Design and Implementation of a Software System for High Level Business Rules</Title>
        <TYPE>JOURNAL</TYPE>
        <NameofPUBLISHER>International Journal on Advanced Science, Engineering and Information
            Technology</NameofPUBLISHER>
        <year>2017</year>
        <ISSN_NO>2088-5334</ISSN_NO>
        <PLACE_OF_CONFERENCE />
        <DOC />
        <DOI />
        <ISBN_NO />
        <DOP>2017</DOP>
        <AUTHOR_1>DK SHARMA</AUTHOR_1>
        <AUTHOR_2>MANISH MAHAJAN</AUTHOR_2>
        <AUTHOR_3>Dr. Dheerendra Singh</AUTHOR_3>
        <AUTHOR_4>Naveen Praksh</AUTHOR_4>
        <AUTHOR_5 />
        <Impact_Factor />
        <VOLUME>7</VOLUME>
        <ISSUE>6</ISSUE>
        <PAGE_NO>2003-2012</PAGE_NO>
        <Index>SPRINGER</Index>
    </PUBLICATION>
    <PUBLICATION>
        <Title>Experimental Evaluation of Quality of Service Parameters over VoIP Network</Title>
        <TYPE>JOURNAL</TYPE>
        <NameofPUBLISHER>International Journal of Computer Science &amp; Communication</NameofPUBLISHER>
        <year>2017</year>
        <ISSN_NO>0973-7391</ISSN_NO>
        <PLACE_OF_CONFERENCE />
        <DOC />
        <DOI />
        <ISBN_NO />
        <DOP>42856</DOP>
        <AUTHOR_1>Amit Chhabra</AUTHOR_1>
        <AUTHOR_2>dr. AMIT VERMA</AUTHOR_2>
        <AUTHOR_3>Dr. Dheerendra Singh</AUTHOR_3>
        <AUTHOR_4 />
        <AUTHOR_5 />
        <Impact_Factor />
        <VOLUME>8</VOLUME>
        <ISSUE>2</ISSUE>
        <PAGE_NO>160-173</PAGE_NO>
        <Index>IJCSC</Index>
    </PUBLICATION>
    <PUBLICATION>
        <Title>Analysis of Various Parameters which affect Voice Transmission in Wireless Mesh
            Network</Title>
        <TYPE>JOURNAL</TYPE>
        <NameofPUBLISHER>International Journal of Electronics Engineering</NameofPUBLISHER>
        <year>2017</year>
        <ISSN_NO>0973-7384</ISSN_NO>
        <PLACE_OF_CONFERENCE />
        <DOC />
        <DOI />
        <ISBN_NO />
        <DOP>42887</DOP>
        <AUTHOR_1>Amit Chhabra</AUTHOR_1>
        <AUTHOR_2>dr. AMIT VERMA</AUTHOR_2>
        <AUTHOR_3>Dr. Dheerendra Singh</AUTHOR_3>
        <AUTHOR_4 />
        <AUTHOR_5 />
        <Impact_Factor />
        <VOLUME>9</VOLUME>
        <ISSUE>2</ISSUE>
        <PAGE_NO>85-91</PAGE_NO>
        <Index>IJEE</Index>
    </PUBLICATION>
    <PUBLICATION>
        <Title>Particle Swarm Optimization based Dynamic Load Balancing in Cloud Environment</Title>
        <TYPE>CONFERENCE</TYPE>
        <NameofPUBLISHER>in Proceedings of the IEEE Conference: INDIACom-2017 4th International
            Conference on “Computing for Sustainable Global Development held at BVICAM, New Delhi
            (INDIA), March 1st - 3rd , 2017</NameofPUBLISHER>
        <year>2017</year>
        <ISSN_NO>0973-7529</ISSN_NO>
        <PLACE_OF_CONFERENCE />
        <DOC />
        <DOI />
        <ISBN_NO>978-93-80544-24-3</ISBN_NO>
        <DOP />
        <AUTHOR_1>Amanpreet Kaur</AUTHOR_1>
        <AUTHOR_2>Dr. Bikrampal Kaur</AUTHOR_2>
        <AUTHOR_3>Dr. Dheerendra Singh</AUTHOR_3>
        <AUTHOR_4 />
        <AUTHOR_5 />
        <Impact_Factor />
        <VOLUME>9</VOLUME>
        <ISSUE>2</ISSUE>
        <PAGE_NO>130-136</PAGE_NO>
        <Index>SCI</Index>
    </PUBLICATION>
    <PUBLICATION>
        <Title>Comparative Analysis of Metaheuristics based Load Balancing Optimization in Cloud
            Environment</Title>
        <TYPE>CONFERENCE</TYPE>
        <NameofPUBLISHER>in Proceedings of 3rd International Conference on "Smart and Innovative
            Trends in Next Generation Computing Technologies (NGCT 2017)", held at UPES, Dehradun,
            October 30-31st , 2017.</NameofPUBLISHER>
        <year>2017</year>
        <ISSN_NO>1865-0929</ISSN_NO>
        <PLACE_OF_CONFERENCE>DEHRADUN,INDIA</PLACE_OF_CONFERENCE>
        <DOC>30-31 OCT,2017</DOC>
        <DOI />
        <ISBN_NO />
        <DOP>43260</DOP>
        <AUTHOR_1>Amanpreet Kaur</AUTHOR_1>
        <AUTHOR_2>Dr. Bikrampal Kaur</AUTHOR_2>
        <AUTHOR_3>Dr. Dheerendra Singh</AUTHOR_3>
        <AUTHOR_4 />
        <AUTHOR_5 />
        <Impact_Factor />
        <VOLUME>1</VOLUME>
        <ISSUE>3</ISSUE>
        <PAGE_NO>30-46</PAGE_NO>
        <Index>SPRINGER</Index>
    </PUBLICATION>
    <PUBLICATION>
        <Title>From Business Oriented Rules to SBVR</Title>
        <TYPE>JOURNAL</TYPE>
        <NameofPUBLISHER>Circulation in Computer Science, ICIC-2017,pp.45-54,14-15 Dec,2017</NameofPUBLISHER>
        <year>2017</year>
        <ISSN_NO>2456-3692</ISSN_NO>
        <PLACE_OF_CONFERENCE />
        <DOC>14-15 DEC,2017</DOC>
        <DOI />
        <ISBN_NO />
        <DOP />
        <AUTHOR_1>GAURAV RAJ</AUTHOR_1>
        <AUTHOR_2>TRIVENI MISHRA</AUTHOR_2>
        <AUTHOR_3>Dr. Dheerendra Singh</AUTHOR_3>
        <AUTHOR_4 />
        <AUTHOR_5 />
        <Impact_Factor />
        <VOLUME />
        <ISSUE />
        <PAGE_NO>45-54</PAGE_NO>
        <Index>International Conference on Intelligent Computing (ICIC)</Index>
    </PUBLICATION>
    <PUBLICATION>
        <Title>QoWS Analysis for Web Service Selection Using WS Monitoring Tool</Title>
        <TYPE>CONFERENCE</TYPE>
        <NameofPUBLISHER>Computational Intelligence and Networks (CINE), 2017 3rd International
            Conference</NameofPUBLISHER>
        <year>2017</year>
        <ISSN_NO />
        <PLACE_OF_CONFERENCE>ODISHA</PLACE_OF_CONFERENCE>
        <DOC>28-28 October 2017</DOC>
        <DOI>10.1109/CINE.2017.15</DOI>
        <ISBN_NO>978-1-5386-2530-9</ISBN_NO>
        <DOP />
        <AUTHOR_1>GAURAV RAJ</AUTHOR_1>
        <AUTHOR_2>TRIVENI MISHRA</AUTHOR_2>
        <AUTHOR_3>Dr. Dheerendra Singh</AUTHOR_3>
        <AUTHOR_4 />
        <AUTHOR_5 />
        <Impact_Factor />
        <VOLUME />
        <ISSUE />
        <PAGE_NO>46-52</PAGE_NO>
        <Index>IEEE</Index>
    </PUBLICATION>
    <PUBLICATION>
        <Title>Penetration Testing as a Test Phase
            in Web Service Testing a Black Box Pen
            Testing Approach</Title>
        <TYPE>JOURNAL</TYPE>
        <NameofPUBLISHER>Springer</NameofPUBLISHER>
        <year>2017</year>
        <ISSN_NO>978-981-10-5546-1</ISSN_NO>
        <PLACE_OF_CONFERENCE />
        <DOC />
        <DOI>doi.org/10.1007/978-981-10-5547-8_64</DOI>
        <ISBN_NO />
        <DOP>43037</DOP>
        <AUTHOR_1>SHIVAM MEHTA</AUTHOR_1>
        <AUTHOR_2>G. RAJ</AUTHOR_2>
        <AUTHOR_3>Dr. Dheerendra Singh</AUTHOR_3>
        <AUTHOR_4 />
        <AUTHOR_5 />
        <Impact_Factor />
        <VOLUME>2</VOLUME>
        <ISSUE />
        <PAGE_NO>623-625</PAGE_NO>
        <Index>SCOPUS</Index>
    </PUBLICATION>
    <PUBLICATION>
        <Title>Secure Speaker Biometric System using GFCC
            with Additive White Gaussian Noise and Wavelet
            Filter</Title>
        <TYPE>JOURNAL</TYPE>
        <NameofPUBLISHER>International Journal of Computer Science and Information Security (IJCSIS)</NameofPUBLISHER>
        <year>2017</year>
        <ISSN_NO>1947-5500</ISSN_NO>
        <PLACE_OF_CONFERENCE />
        <DOC />
        <DOI />
        <ISBN_NO />
        <DOP>42887</DOP>
        <AUTHOR_1>G. KAUR</AUTHOR_1>
        <AUTHOR_2>S . BHUSAN</AUTHOR_2>
        <AUTHOR_3>Dr. Dheerendra Singh</AUTHOR_3>
        <AUTHOR_4 />
        <AUTHOR_5 />
        <Impact_Factor />
        <VOLUME>14</VOLUME>
        <ISSUE>6</ISSUE>
        <PAGE_NO>40-47</PAGE_NO>
        <Index />
    </PUBLICATION>
    <PUBLICATION>
        <Title>Enchancing Multi-biometric System Security at Feature level Fusion</Title>
        <TYPE>JOURNAL</TYPE>
        <NameofPUBLISHER>International Journal of Advanced Research in Computer Science &amp;
            Technology</NameofPUBLISHER>
        <year>2017</year>
        <ISSN_NO>(PRINT):0974-6846 ONLINE:0974-5645</ISSN_NO>
        <PLACE_OF_CONFERENCE />
        <DOC />
        <DOI />
        <ISBN_NO />
        <DOP />
        <AUTHOR_1>G.Raj</AUTHOR_1>
        <AUTHOR_2>M,Mahajan</AUTHOR_2>
        <AUTHOR_3>Dr. Dheerendra Singh</AUTHOR_3>
        <AUTHOR_4 />
        <AUTHOR_5 />
        <Impact_Factor />
        <VOLUME>6</VOLUME>
        <ISSUE>8</ISSUE>
        <PAGE_NO>54-59</PAGE_NO>
        <Index />
    </PUBLICATION>
    <PUBLICATION>
        <Title>V&amp;V analysis of composite web service using WS simulator for trust management in
            WS lifespan</Title>
        <TYPE>JOURNAL</TYPE>
        <NameofPUBLISHER>International Journal of Computer Sciences and Engineering</NameofPUBLISHER>
        <year>2018</year>
        <ISSN_NO>2347-2693</ISSN_NO>
        <PLACE_OF_CONFERENCE />
        <DOC>43282</DOC>
        <DOI />
        <ISBN_NO />
        <DOP />
        <AUTHOR_1>G.Raj</AUTHOR_1>
        <AUTHOR_2>M,Mahajan</AUTHOR_2>
        <AUTHOR_3>Dr. Dheerendra Singh</AUTHOR_3>
        <AUTHOR_4 />
        <AUTHOR_5 />
        <Impact_Factor />
        <VOLUME>6</VOLUME>
        <ISSUE>6</ISSUE>
        <PAGE_NO>1433-1440</PAGE_NO>
        <Index />
    </PUBLICATION>
    <PUBLICATION>
        <Title>Trust management in web sevices for predicition and selection based on trust
            evaluation model</Title>
        <TYPE>JOURNAL</TYPE>
        <NameofPUBLISHER>International Journal of Computer Sciences and Engineering</NameofPUBLISHER>
        <year>2018</year>
        <ISSN_NO>2347-2693</ISSN_NO>
        <PLACE_OF_CONFERENCE />
        <DOC />
        <DOI />
        <ISBN_NO />
        <DOP />
        <AUTHOR_1 />
        <AUTHOR_2 />
        <AUTHOR_3>Dr. Dheerendra Singh</AUTHOR_3>
        <AUTHOR_4 />
        <AUTHOR_5 />
        <Impact_Factor />
        <VOLUME>6</VOLUME>
        <ISSUE>6</ISSUE>
        <PAGE_NO />
        <Index />
    </PUBLICATION>
    <PUBLICATION>
        <Title>Effective multimodal biometric system using feature level fusion of tongue, speech
            and signature vector</Title>
        <TYPE>JOURNAL</TYPE>
        <NameofPUBLISHER>journal of advances research in dynamical and control system</NameofPUBLISHER>
        <year>2018</year>
        <ISSN_NO>1943-023X</ISSN_NO>
        <PLACE_OF_CONFERENCE />
        <DOC />
        <DOI />
        <ISBN_NO />
        <DOP />
        <AUTHOR_1 />
        <AUTHOR_2 />
        <AUTHOR_3>Dr. Dheerendra Singh</AUTHOR_3>
        <AUTHOR_4 />
        <AUTHOR_5 />
        <Impact_Factor />
        <VOLUME />
        <ISSUE />
        <PAGE_NO />
        <Index />
    </PUBLICATION>
    <PUBLICATION>
        <Title>Comparative Analysis of hidden web crawler</Title>
        <TYPE>JOURNAL</TYPE>
        <NameofPUBLISHER>International Journal of Computer Sciences and Engineering</NameofPUBLISHER>
        <year>2018</year>
        <ISSN_NO>2347-2693</ISSN_NO>
        <PLACE_OF_CONFERENCE />
        <DOC />
        <DOI>10.26438/ijcse/v6i5.190194</DOI>
        <ISBN_NO />
        <DOP />
        <AUTHOR_1>Ashok Kumar</AUTHOR_1>
        <AUTHOR_2>Manish Mahajan</AUTHOR_2>
        <AUTHOR_3>Dr. Dheerendra Singh</AUTHOR_3>
        <AUTHOR_4 />
        <AUTHOR_5 />
        <Impact_Factor />
        <VOLUME>6</VOLUME>
        <ISSUE>5</ISSUE>
        <PAGE_NO>190-194</PAGE_NO>
        <Index />
    </PUBLICATION>
    <PUBLICATION>
        <Title>A comparative analysis of trust model in cloud computing</Title>
        <TYPE>JOURNAL</TYPE>
        <NameofPUBLISHER>International journal of scientific research in network security and
            communication</NameofPUBLISHER>
        <year>2018</year>
        <ISSN_NO>2321-3256</ISSN_NO>
        <PLACE_OF_CONFERENCE />
        <DOC />
        <DOI />
        <ISBN_NO />
        <DOP />
        <AUTHOR_1>U.Kaur</AUTHOR_1>
        <AUTHOR_2>M. Mahajan</AUTHOR_2>
        <AUTHOR_3>Dr. Dheerendra Singh</AUTHOR_3>
        <AUTHOR_4 />
        <AUTHOR_5 />
        <Impact_Factor />
        <VOLUME>6</VOLUME>
        <ISSUE>2</ISSUE>
        <PAGE_NO>19-23</PAGE_NO>
        <Index />
    </PUBLICATION>
    <PUBLICATION>
        <Title>Analysis of signaling protocol and packet aggregation techniques in VOIP network</Title>
        <TYPE>JOURNAL</TYPE>
        <NameofPUBLISHER>International journal of scientific research in computer science</NameofPUBLISHER>
        <year>2018</year>
        <ISSN_NO>2456-3307</ISSN_NO>
        <PLACE_OF_CONFERENCE />
        <DOC />
        <DOI />
        <ISBN_NO />
        <DOP />
        <AUTHOR_1>Amit Chhabra</AUTHOR_1>
        <AUTHOR_2>, Dr. Amit Verma</AUTHOR_2>
        <AUTHOR_3>Dr. Dheerendra Singh</AUTHOR_3>
        <AUTHOR_4 />
        <AUTHOR_5 />
        <Impact_Factor />
        <VOLUME>3</VOLUME>
        <ISSUE>3</ISSUE>
        <PAGE_NO>1583-1589</PAGE_NO>
        <Index />
    </PUBLICATION>
    <PUBLICATION>
        <Title>Prefetching of hidden web data using association rule</Title>
        <TYPE>JOURNAL</TYPE>
        <NameofPUBLISHER>Accepted for publication, internatinal journal of intelligent information
            and database system</NameofPUBLISHER>
        <year>2018</year>
        <ISSN_NO>1751-5866</ISSN_NO>
        <PLACE_OF_CONFERENCE />
        <DOC />
        <DOI />
        <ISBN_NO />
        <DOP />
        <AUTHOR_1 />
        <AUTHOR_2 />
        <AUTHOR_3>Dr. Dheerendra Singh</AUTHOR_3>
        <AUTHOR_4 />
        <AUTHOR_5 />
        <Impact_Factor />
        <VOLUME />
        <ISSUE />
        <PAGE_NO />
        <Index>scopus</Index>
    </PUBLICATION>
    <PUBLICATION>
        <Title>Meta-heuristics based load balancing optimization in cloud environment on underflow
            and overflow condition</Title>
        <TYPE>JOURNAL</TYPE>
        <NameofPUBLISHER>journal of information technology research</NameofPUBLISHER>
        <year>2018</year>
        <ISSN_NO>1938-7857</ISSN_NO>
        <PLACE_OF_CONFERENCE />
        <DOC />
        <DOI>10.4018/JITR.2018100110</DOI>
        <ISBN_NO />
        <DOP />
        <AUTHOR_1>Amanpreet Kaur</AUTHOR_1>
        <AUTHOR_2>Bikrampal Kaur</AUTHOR_2>
        <AUTHOR_3>Dr. Dheerendra Singh</AUTHOR_3>
        <AUTHOR_4 />
        <AUTHOR_5 />
        <Impact_Factor />
        <VOLUME>11</VOLUME>
        <ISSUE>4</ISSUE>
        <PAGE_NO>155-156</PAGE_NO>
        <Index>scopus</Index>
    </PUBLICATION>
    <PUBLICATION>
        <Title>Comparative analysis of metaheuristics based Load Balancing Optimization in Cloud
            Environment</Title>
        <TYPE>CONFERENCE</TYPE>
        <NameofPUBLISHER>International Conference on Next Generation Computing Technologies</NameofPUBLISHER>
        <year>2018</year>
        <ISSN_NO>1865-0929</ISSN_NO>
        <PLACE_OF_CONFERENCE />
        <DOC>43260</DOC>
        <DOI />
        <ISBN_NO />
        <DOP />
        <AUTHOR_1>Amanpreet Kaur</AUTHOR_1>
        <AUTHOR_2>Dr. Bikrampal Kaur</AUTHOR_2>
        <AUTHOR_3>Dr. Dheerendra Singh</AUTHOR_3>
        <AUTHOR_4 />
        <AUTHOR_5 />
        <Impact_Factor />
        <VOLUME>827</VOLUME>
        <ISSUE />
        <PAGE_NO>30–46</PAGE_NO>
        <Index>Springer</Index>
    </PUBLICATION>
    <PUBLICATION>
        <Title>Meta-heuristics based framework for workflow load balancing in cloud</Title>
        <TYPE>JOURNAL</TYPE>
        <NameofPUBLISHER>International journal of information technology, springer</NameofPUBLISHER>
        <year>2018</year>
        <ISSN_NO>2511-2104</ISSN_NO>
        <PLACE_OF_CONFERENCE />
        <DOC />
        <DOI />
        <ISBN_NO />
        <DOP />
        <AUTHOR_1>Amanpreet Kaur</AUTHOR_1>
        <AUTHOR_2>Dr. Bikrampal Kaur</AUTHOR_2>
        <AUTHOR_3>Dr. Dheerendra Singh</AUTHOR_3>
        <AUTHOR_4 />
        <AUTHOR_5 />
        <Impact_Factor />
        <VOLUME>7</VOLUME>
        <ISSUE>6</ISSUE>
        <PAGE_NO>45444</PAGE_NO>
        <Index>sci</Index>
    </PUBLICATION>
    <PUBLICATION>
        <Title>A novel access control in cloud computing environment</Title>
        <TYPE>JOURNAL</TYPE>
        <NameofPUBLISHER>Internatinal journal of engineering &amp; technology</NameofPUBLISHER>
        <year>2018</year>
        <ISSN_NO>2227-524X</ISSN_NO>
        <PLACE_OF_CONFERENCE />
        <DOC />
        <DOI>10.14419/ijet.v7i3.13228</DOI>
        <ISBN_NO />
        <DOP />
        <AUTHOR_1>Rini Mahajan</AUTHOR_1>
        <AUTHOR_2>Manish Mahajan</AUTHOR_2>
        <AUTHOR_3>Dr. Dheerendra Singh</AUTHOR_3>
        <AUTHOR_4 />
        <AUTHOR_5 />
        <Impact_Factor />
        <VOLUME>7</VOLUME>
        <ISSUE>3</ISSUE>
        <PAGE_NO />
        <Index />
    </PUBLICATION>
    <PUBLICATION>
        <Title>Trusted web services using prediction performance accuracy of turst decision factor
            in QWS datset</Title>
        <TYPE>JOURNAL</TYPE>
        <NameofPUBLISHER>Journal of advances research in dynamical and control system</NameofPUBLISHER>
        <year>2018</year>
        <ISSN_NO>1943023X)</ISSN_NO>
        <PLACE_OF_CONFERENCE />
        <DOC />
        <DOI />
        <ISBN_NO />
        <DOP />
        <AUTHOR_1>Rini Mahajan</AUTHOR_1>
        <AUTHOR_2>Manish Mahajan</AUTHOR_2>
        <AUTHOR_3>Dr. Dheerendra Singh</AUTHOR_3>
        <AUTHOR_4 />
        <AUTHOR_5 />
        <Impact_Factor />
        <VOLUME>12</VOLUME>
        <ISSUE />
        <PAGE_NO />
        <Index />
    </PUBLICATION>
    <PUBLICATION>
        <Title>movement from business rule to system development</Title>
        <TYPE>JOURNAL</TYPE>
        <NameofPUBLISHER>communicated journal of database management</NameofPUBLISHER>
        <year>2018</year>
        <ISSN_NO>1063-8016</ISSN_NO>
        <PLACE_OF_CONFERENCE />
        <DOC />
        <DOI />
        <ISBN_NO />
        <DOP />
        <AUTHOR_1 />
        <AUTHOR_2 />
        <AUTHOR_3>Dr. Dheerendra Singh</AUTHOR_3>
        <AUTHOR_4 />
        <AUTHOR_5 />
        <Impact_Factor />
        <VOLUME />
        <ISSUE />
        <PAGE_NO />
        <Index />
    </PUBLICATION>
    <PUBLICATION>
        <Title>A quality feed trust model for data transaction at cloud</Title>
        <TYPE>JOURNAL</TYPE>
        <NameofPUBLISHER>international journal of engineering and technology</NameofPUBLISHER>
        <year>2018</year>
        <ISSN_NO>2227-524X</ISSN_NO>
        <PLACE_OF_CONFERENCE />
        <DOC />
        <DOI />
        <ISBN_NO />
        <DOP />
        <AUTHOR_1>Amanpreet Kaur</AUTHOR_1>
        <AUTHOR_2>Bikrampal Kaur</AUTHOR_2>
        <AUTHOR_3>Dr. Dheerendra Singh</AUTHOR_3>
        <AUTHOR_4 />
        <AUTHOR_5 />
        <Impact_Factor />
        <VOLUME>7</VOLUME>
        <ISSUE>3.29</ISSUE>
        <PAGE_NO />
        <Index>scopus</Index>
    </PUBLICATION>
    <PUBLICATION>
        <Title>Quality feed enhanced trust model in cloud computing</Title>
        <TYPE>JOURNAL</TYPE>
        <NameofPUBLISHER>journal of advances research in dynamical and control system</NameofPUBLISHER>
        <year>2018</year>
        <ISSN_NO>1943-023X</ISSN_NO>
        <PLACE_OF_CONFERENCE />
        <DOC />
        <DOI />
        <ISBN_NO />
        <DOP />
        <AUTHOR_1>Amanpreet Kaur</AUTHOR_1>
        <AUTHOR_2>Bikrampal Kaur</AUTHOR_2>
        <AUTHOR_3>Dr. Dheerendra Singh</AUTHOR_3>
        <AUTHOR_4 />
        <AUTHOR_5 />
        <Impact_Factor />
        <VOLUME>8</VOLUME>
        <ISSUE>10</ISSUE>
        <PAGE_NO />
        <Index>scopus</Index>
    </PUBLICATION>
    <PUBLICATION>
        <Title>Understanding the trust cloud computing</Title>
        <TYPE>JOURNAL</TYPE>
        <NameofPUBLISHER>International journal of reserch and analytical reviews</NameofPUBLISHER>
        <year>2018</year>
        <ISSN_NO>2348-1269</ISSN_NO>
        <PLACE_OF_CONFERENCE />
        <DOC />
        <DOI />
        <ISBN_NO />
        <DOP />
        <AUTHOR_1 />
        <AUTHOR_2 />
        <AUTHOR_3>Dr. Dheerendra Singh</AUTHOR_3>
        <AUTHOR_4 />
        <AUTHOR_5 />
        <Impact_Factor />
        <VOLUME>5</VOLUME>
        <ISSUE>3</ISSUE>
        <PAGE_NO />
        <Index>scopus</Index>
    </PUBLICATION>
    <PUBLICATION>
        <Title>Window azure active directory services for maintaining seciruty and access control</Title>
        <TYPE>JOURNAL</TYPE>
        <NameofPUBLISHER>journal, IJITKM</NameofPUBLISHER>
        <year>2018</year>
        <ISSN_NO>0973-4414</ISSN_NO>
        <PLACE_OF_CONFERENCE />
        <DOC />
        <DOI />
        <ISBN_NO />
        <DOP />
        <AUTHOR_1 />
        <AUTHOR_2 />
        <AUTHOR_3>Dr. Dheerendra Singh</AUTHOR_3>
        <AUTHOR_4 />
        <AUTHOR_5 />
        <Impact_Factor />
        <VOLUME>11</VOLUME>
        <ISSUE>2</ISSUE>
        <PAGE_NO />
        <Index />
    </PUBLICATION>
    <PUBLICATION>
        <Title>Meta-heuristic based framework for workflow load balancing in cloud environment</Title>
        <TYPE>JOURNAL</TYPE>
        <NameofPUBLISHER>International Journal of Information Technology</NameofPUBLISHER>
        <year>2019</year>
        <ISSN_NO />
        <PLACE_OF_CONFERENCE />
        <DOC />
        <DOI>https://doi.org/10.1007/s41870-018-0231-z</DOI>
        <ISBN_NO />
        <DOP>43536</DOP>
        <AUTHOR_1>Amanpreet Kaur</AUTHOR_1>
        <AUTHOR_2>Bikrampal Kaur</AUTHOR_2>
        <AUTHOR_3>Dr. Dheerendra Singh</AUTHOR_3>
        <AUTHOR_4 />
        <AUTHOR_5 />
        <Impact_Factor />
        <VOLUME>11</VOLUME>
        <ISSUE />
        <PAGE_NO>119-125</PAGE_NO>
        <Index>springer link</Index>
    </PUBLICATION>
    <PUBLICATION>
        <Title>
            Imputing Missing Data Analysis in Web Service Quality Dataset for Improving QoS
            Prediction</Title>
        <TYPE>JOURNAL</TYPE>
        <NameofPUBLISHER>Journal Recent Trends in Programming languages</NameofPUBLISHER>
        <year>2019</year>
        <ISSN_NO />
        <PLACE_OF_CONFERENCE />
        <DOC />
        <DOI />
        <ISBN_NO />
        <DOP>43711</DOP>
        <AUTHOR_1>Gaurav Raj</AUTHOR_1>
        <AUTHOR_2>M.Mahajan</AUTHOR_2>
        <AUTHOR_3>Dr. Dheerendra Singh</AUTHOR_3>
        <AUTHOR_4 />
        <AUTHOR_5 />
        <Impact_Factor />
        <VOLUME>6</VOLUME>
        <ISSUE>2</ISSUE>
        <PAGE_NO>44774</PAGE_NO>
        <Index>springer link</Index>
    </PUBLICATION>
    <PUBLICATION>
        <Title>Elaborate Business Dimension of Business Oriented Business Rule Framework</Title>
        <TYPE>JOURNAL</TYPE>
        <NameofPUBLISHER>Journal of Image Processing &amp; Pattern Recognition Progress</NameofPUBLISHER>
        <year>2019</year>
        <ISSN_NO />
        <PLACE_OF_CONFERENCE />
        <DOC />
        <DOI />
        <ISBN_NO />
        <DOP>43600</DOP>
        <AUTHOR_1>Deepak Kumar Sharma</AUTHOR_1>
        <AUTHOR_2>Manish Mahajan</AUTHOR_2>
        <AUTHOR_3>Dr. Dheerendra Singh</AUTHOR_3>
        <AUTHOR_4>Naveen Prakash</AUTHOR_4>
        <AUTHOR_5 />
        <Impact_Factor />
        <VOLUME>6</VOLUME>
        <ISSUE>1</ISSUE>
        <PAGE_NO>24-35</PAGE_NO>
        <Index />
    </PUBLICATION>
    <PUBLICATION>
        <Title>Edge computing and deep learning enabled secure multitier network for internet of
            vehicles</Title>
        <TYPE>JOURNAL</TYPE>
        <NameofPUBLISHER>IEEE Internet of Things Journal</NameofPUBLISHER>
        <year>2020</year>
        <ISSN_NO />
        <PLACE_OF_CONFERENCE />
        <DOC />
        <DOI>10.1109/JIOT.2021.3071362</DOI>
        <ISBN_NO />
        <DOP>44292</DOP>
        <AUTHOR_1>HARSH GROVER</AUTHOR_1>
        <AUTHOR_2>TEJASWI ALLADI</AUTHOR_2>
        <AUTHOR_3>Dr. Dheerendra Singh</AUTHOR_3>
        <AUTHOR_4>VINAY CHAMOLI</AUTHOR_4>
        <AUTHOR_5>KIM-KWANG RAYMOND CHOO</AUTHOR_5>
        <Impact_Factor />
        <VOLUME>8</VOLUME>
        <ISSUE>19</ISSUE>
        <PAGE_NO>14787-14796</PAGE_NO>
        <Index />
    </PUBLICATION>
    <PUBLICATION>
        <Title>Trust decision model and trust evaluation model for quality web service
            identification in web service lifecycle using QSW data analysis</Title>
        <TYPE>JOURNAL</TYPE>
        <NameofPUBLISHER>International Journal of Web-Based Learning and Teaching Technologies
            (IJWLTT)</NameofPUBLISHER>
        <year>2020</year>
        <ISSN_NO />
        <PLACE_OF_CONFERENCE />
        <DOC />
        <DOI>10.4018/IJWLTT.2020010103</DOI>
        <ISBN_NO />
        <DOP>43831</DOP>
        <AUTHOR_1>GAURAV RAJ</AUTHOR_1>
        <AUTHOR_2>MANISH MAHAJAN</AUTHOR_2>
        <AUTHOR_3>Dr. Dheerendra Singh</AUTHOR_3>
        <AUTHOR_4 />
        <AUTHOR_5 />
        <Impact_Factor />
        <VOLUME>15</VOLUME>
        <ISSUE>1</ISSUE>
        <PAGE_NO>53-72</PAGE_NO>
        <Index />
    </PUBLICATION>
    <PUBLICATION>
        <Title>Intrusion detection system in cloud environment: Literature survey &amp; future
            research directions</Title>
        <TYPE>JOURNAL</TYPE>
        <NameofPUBLISHER>International Journal of Information Management Data Insights</NameofPUBLISHER>
        <year>2021</year>
        <ISSN_NO />
        <PLACE_OF_CONFERENCE />
        <DOC />
        <DOI>https://doi.org/10.1016/j.jjimei.2022.100134</DOI>
        <ISBN_NO />
        <DOP>44734</DOP>
        <AUTHOR_1>SUMAN LATA</AUTHOR_1>
        <AUTHOR_2>Dr. Dheerendra Singh</AUTHOR_2>
        <AUTHOR_3>Dr. Dheerendra Singh</AUTHOR_3>
        <AUTHOR_4 />
        <AUTHOR_5 />
        <Impact_Factor />
        <VOLUME>2</VOLUME>
        <ISSUE>2</ISSUE>
        <PAGE_NO />
        <Index>Scopus</Index>
    </PUBLICATION>
    <PUBLICATION>
        <Title>A Hybrid Approach for Cloud Load Balancing</Title>
        <TYPE>CONFERENCE</TYPE>
        <NameofPUBLISHER>2022 2nd International Conference on Advance Computing and Innovative
            Technologies in Engineering (ICACITE)</NameofPUBLISHER>
        <year>2021</year>
        <ISSN_NO />
        <PLACE_OF_CONFERENCE>Greater Noida, India</PLACE_OF_CONFERENCE>
        <DOC>28-29 April 2022</DOC>
        <DOI>10.1109/ICACITE53722.2022.9823569</DOI>
        <ISBN_NO />
        <DOP>44760</DOP>
        <AUTHOR_1>SUMAN LATA</AUTHOR_1>
        <AUTHOR_2>Dr. Dheerendra Singh</AUTHOR_2>
        <AUTHOR_3>Dr. Dheerendra Singh</AUTHOR_3>
        <AUTHOR_4 />
        <AUTHOR_5 />
        <Impact_Factor />
        <VOLUME />
        <ISSUE />
        <PAGE_NO />
        <Index>Scopus</Index>
    </PUBLICATION>
    <PUBLICATION>
        <Title>Intrusion detection system in cloud environment: Literature survey &amp; future
            research directions</Title>
        <TYPE>JOURNAL</TYPE>
        <NameofPUBLISHER>International Journal of Information Management Data Insights</NameofPUBLISHER>
        <year>2021</year>
        <ISSN_NO />
        <PLACE_OF_CONFERENCE />
        <DOC />
        <DOI>https://doi.org/10.1016/j.jjimei.2022.100134</DOI>
        <ISBN_NO />
        <DOP>44866</DOP>
        <AUTHOR_1>SUMAN LATA</AUTHOR_1>
        <AUTHOR_2>Dr. Dheerendra Singh</AUTHOR_2>
        <AUTHOR_3>Dr. Dheerendra Singh</AUTHOR_3>
        <AUTHOR_4 />
        <AUTHOR_5 />
        <Impact_Factor />
        <VOLUME>2</VOLUME>
        <ISSUE>2</ISSUE>
        <PAGE_NO>100134</PAGE_NO>
        <Index>Scopus</Index>
    </PUBLICATION>
    <PUBLICATION>
        <Title>Optimizing Packets of Software Defined Network Using Hybrid Optimization Techniques</Title>
        <TYPE>CONFERENCE</TYPE>
        <NameofPUBLISHER>IEEE</NameofPUBLISHER>
        <year>2021</year>
        <ISSN_NO />
        <PLACE_OF_CONFERENCE>Gautam Buddha Nagar, India</PLACE_OF_CONFERENCE>
        <DOC>23-25 February 2022</DOC>
        <DOI>10.1109/ICIPTM54933.2022.9754133</DOI>
        <ISBN_NO>978-1-6654-6644-8</ISBN_NO>
        <DOP>44669</DOP>
        <AUTHOR_1>JAGMEET KAUR</AUTHOR_1>
        <AUTHOR_2>Dr. Dheerendra Singh</AUTHOR_2>
        <AUTHOR_3>Dr. Dheerendra Singh</AUTHOR_3>
        <AUTHOR_4 />
        <AUTHOR_5 />
        <Impact_Factor />
        <VOLUME>2</VOLUME>
        <ISSUE />
        <PAGE_NO>343-349</PAGE_NO>
        <Index>Scopus</Index>
    </PUBLICATION>
    <PUBLICATION>
        <Title>Cloud simulation tools: A survey</Title>
        <TYPE>CONFERENCE</TYPE>
        <NameofPUBLISHER>INNOVATIONS IN COMPUTATIONAL AND COMPUTER TECHNIQUES:
            ICACCT-2021
            30–31 October 2021 Mohali, India</NameofPUBLISHER>
        <year>2022</year>
        <ISSN_NO />
        <PLACE_OF_CONFERENCE>MOHALI</PLACE_OF_CONFERENCE>
        <DOC>44835</DOC>
        <DOI>https://doi.org/10.1063/5.0109181</DOI>
        <ISBN_NO />
        <DOP>44855</DOP>
        <AUTHOR_1>SUMAN LATA</AUTHOR_1>
        <AUTHOR_2>Dr. Dheerendra Singh</AUTHOR_2>
        <AUTHOR_3>Dr. Dheerendra Singh</AUTHOR_3>
        <AUTHOR_4 />
        <AUTHOR_5 />
        <Impact_Factor />
        <VOLUME>2555</VOLUME>
        <ISSUE>1</ISSUE>
        <PAGE_NO>030003-01 to 030003-10</PAGE_NO>
        <Index>SCOPUS</Index>
    </PUBLICATION>
    <PUBLICATION>
        <Title>VISION: A COMPUTER VISION BASED SECURE ASSIGNMENT FRAMEWORK</Title>
        <TYPE>JOURNAL</TYPE>
        <NameofPUBLISHER>ADVANCES AND APPLICATION IN MATHEMATICAL SCIENCES</NameofPUBLISHER>
        <year>2023</year>
        <ISSN_NO>0974-6803</ISSN_NO>
        <PLACE_OF_CONFERENCE />
        <DOC />
        <DOI />
        <ISBN_NO />
        <DOP>44774</DOP>
        <AUTHOR_1>ANMOL CHANDEL</AUTHOR_1>
        <AUTHOR_2>INDERPREET SINGH</AUTHOR_2>
        <AUTHOR_3>Dr. Dheerendra Singh</AUTHOR_3>
        <AUTHOR_4>GAURAV RAJ</AUTHOR_4>
        <AUTHOR_5>ANKITA CHANDEL</AUTHOR_5>
        <Impact_Factor />
        <VOLUME>21</VOLUME>
        <ISSUE>10</ISSUE>
        <PAGE_NO>5813-5822</PAGE_NO>
        <Index>SCOPUS</Index>
    </PUBLICATION>
</root>